﻿标题,链接,评分,描述,播放数1,播放数,关注数,弹幕数
唐探1900,https://www.bilibili.com/bangumi/play/ss48415?theme=movie,9.0分,5.9万弹幕,1257.4万,12574441,166042,59009
误杀3,https://www.bilibili.com/bangumi/play/ss48413?theme=movie,,2.6万弹幕,979.1万,9790645,70361,25632
破·地狱,https://www.bilibili.com/bangumi/play/ss73302?theme=movie,9.8分,3.2万弹幕,706.5万,7064874,105701,32124
哪吒之魔童闹海,https://www.bilibili.com/bangumi/play/ss48416?theme=movie,9.8分,6493弹幕,8188.6万,81885978,397112,6493
毒液：最后一舞,https://www.bilibili.com/bangumi/play/ss48548?theme=movie,,1.7万弹幕,2063万,20630484,149928,17116
胜券在握,https://www.bilibili.com/bangumi/play/ss68561?theme=movie,,4.5万弹幕,970.3万,9703276,117945,45236
飞驰人生2,https://www.bilibili.com/bangumi/play/ss47168?theme=movie,9.5分,10.1万弹幕,2878.6万,28786182,511722,100563
落凡尘,https://www.bilibili.com/bangumi/play/ss48004?theme=movie,9.6分,1.9万弹幕,2113.7万,21137247,150492,19482
猎人克莱文,https://www.bilibili.com/bangumi/play/ss48510?theme=movie,,1330弹幕,98万,980219,6503,1330
哈利·波特与魔法石,https://www.bilibili.com/bangumi/play/ss28281?theme=movie,9.8分,103.1万弹幕,7609.5万,76095352,2224092,1030820
焚城,https://www.bilibili.com/bangumi/play/ss48712?theme=movie,,3万弹幕,443.8万,4438223,55504,29921
因果报应,https://www.bilibili.com/bangumi/play/ss68514?theme=movie,9.8分,3万弹幕,430.6万,4305679,96702,29944
九龙城寨之围城,https://www.bilibili.com/bangumi/play/ss47655?theme=movie,9.4分,6.3万弹幕,2828.4万,28283604,256081,62798
绿皮书,https://www.bilibili.com/bangumi/play/ss33615?theme=movie,9.8分,28.2万弹幕,5040万,50400244,1185193,282211
名侦探柯南：百万美元的五棱星,https://www.bilibili.com/bangumi/play/ss47750?theme=movie,8.2分,6.3万弹幕,1636.2万,16362174,165859,63123
流浪地球2,https://www.bilibili.com/bangumi/play/ss44847?theme=movie,9.8分,33.6万弹幕,7390.4万,73903797,1537306,335813
抓娃娃,https://www.bilibili.com/bangumi/play/ss48013?theme=movie,9.2分,12.7万弹幕,3259.4万,32594302,271000,126900
哈利·波特与密室,https://www.bilibili.com/bangumi/play/ss28296?theme=movie,9.8分,79.4万弹幕,4336.3万,43363330,1117992,794085
功夫,https://www.bilibili.com/bangumi/play/ss32523?theme=movie,9.9分,44.9万弹幕,7353.2万,73531558,853060,448533
间谍过家家 代号：白,https://www.bilibili.com/bangumi/play/ss47468?theme=movie,9.7分,4.6万弹幕,1167.3万,11673377,289022,45711
扬名立万,https://www.bilibili.com/bangumi/play/ss39892?theme=movie,9.6分,28.7万弹幕,1.1亿,107509156,1070045,287135
想飞的女孩,https://www.bilibili.com/bangumi/play/ss87197?theme=movie,,2376弹幕,43.6万,435574,5141,2376
疯狂的赛车,https://www.bilibili.com/bangumi/play/ss39192?theme=movie,9.9分,6.9万弹幕,4517.8万,45177650,257976,69391
名侦探柯南：黑铁的鱼影 ,https://www.bilibili.com/bangumi/play/ss44698?theme=movie,9.6分,16万弹幕,2586.3万,25862667,367696,160418
孤注一掷,https://www.bilibili.com/bangumi/play/ss45456?theme=movie,9.1分,10.7万弹幕,2395.2万,23952037,657804,107065
命悬一枪,https://www.bilibili.com/bangumi/play/ss97270?theme=movie,,1033弹幕,19.4万,194146,2208,1033
环太平洋,https://www.bilibili.com/bangumi/play/ss32436?theme=movie,9.7分,41.1万弹幕,5167.8万,51677651,826622,410505
星际穿越,https://www.bilibili.com/bangumi/play/ss28585?theme=movie,9.9分,27.9万弹幕,4436.7万,44366659,1573320,278710
头号玩家,https://www.bilibili.com/bangumi/play/ss42384?theme=movie,9.7分,10.1万弹幕,2797.6万,27976397,589385,100709
交换人生,https://www.bilibili.com/bangumi/play/ss44510?theme=movie,8.0分,4.2万弹幕,8951.7万,89516949,130477,41651
哈利·波特与火焰杯,https://www.bilibili.com/bangumi/play/ss28298?theme=movie,9.7分,74.7万弹幕,3170.9万,31709485,1195968,747245
肖申克的救赎,https://www.bilibili.com/bangumi/play/ss28274?theme=movie,9.9分,16.7万弹幕,4417.6万,44176134,1628798,167265
人在囧途,https://www.bilibili.com/bangumi/play/ss37836?theme=movie,9.6分,10.7万弹幕,2146.6万,21466273,284898,107313
爱宠大机密2,https://www.bilibili.com/bangumi/play/ss87404?theme=movie,9.4分,5732弹幕,328.3万,3282893,34734,5732
周处除三害,https://www.bilibili.com/bangumi/play/ss47808?theme=movie,9.7分,14.7万弹幕,2323.7万,23236910,430937,147048
楚门的世界,https://www.bilibili.com/bangumi/play/ss25812?theme=movie,9.9分,14.4万弹幕,7249.8万,72498166,1160768,144169
坚如磐石,https://www.bilibili.com/bangumi/play/ss47065?theme=movie,7.5分,6.2万弹幕,7638.8万,76388279,121051,62211
哈利·波特与凤凰社,https://www.bilibili.com/bangumi/play/ss28299?theme=movie,9.5分,73.4万弹幕,3040.9万,30409035,1258378,734237
好东西,https://www.bilibili.com/bangumi/play/ss48920?theme=movie,9.0分,5.4万弹幕,1323.3万,13233090,207027,53774
哈尔的移动城堡,https://www.bilibili.com/bangumi/play/ss48590?theme=movie,9.8分,3.3万弹幕,876万,8759906,276887,32713
小黄人大眼萌,https://www.bilibili.com/bangumi/play/ss42656?theme=movie,9.7分,2.6万弹幕,3035.3万,30352878,186597,25697
速度与激情：特别行动,https://www.bilibili.com/bangumi/play/ss88697?theme=movie,8.5分,6503弹幕,245万,2450070,18058,6503
火影忍者剧场版：忍者之路,https://www.bilibili.com/bangumi/play/ss68640?theme=movie,9.6分,1.9万弹幕,818.4万,8183689,90779,19478
侏罗纪世界,https://www.bilibili.com/bangumi/play/ss42649?theme=movie,9.5分,3.6万弹幕,610.5万,6105479,81114,35978
夏洛特烦恼,https://www.bilibili.com/bangumi/play/ss33354?theme=movie,9.5分,25.3万弹幕,2967.6万,29675907,448105,252908
正义联盟：扎克·施奈德版,https://www.bilibili.com/bangumi/play/ss38552?theme=movie,9.8分,48.7万弹幕,9320.2万,93201507,1456609,487279
无主之地,https://www.bilibili.com/bangumi/play/ss68596?theme=movie,,3784弹幕,132.4万,1324004,21292,3784
沙丘2,https://www.bilibili.com/bangumi/play/ss45140?theme=movie,9.5分,7.9万弹幕,1810.6万,18105527,322685,79193
蓦然回首,https://www.bilibili.com/bangumi/play/ss68473?theme=movie,9.8分,1.1万弹幕,426.8万,4267522,244249,11216
天堂旅行团,https://www.bilibili.com/bangumi/play/ss89317?theme=movie,,1523弹幕,29.4万,294099,4676,1523
坏蛋联盟,https://www.bilibili.com/bangumi/play/ss42715?theme=movie,9.6分,9.6万弹幕,1.1亿,105447381,630459,95753
长江七号,https://www.bilibili.com/bangumi/play/ss39232?theme=movie,9.8分,5.1万弹幕,2666.4万,26664110,208527,51335
金手指,https://www.bilibili.com/bangumi/play/ss45822?theme=movie,8.3分,2.6万弹幕,1557.5万,15574625,79558,25744
寻梦环游记,https://www.bilibili.com/bangumi/play/ss46063?theme=movie,9.9分,1.3万弹幕,700.5万,7004982,168972,13336
马达加斯加的企鹅,https://www.bilibili.com/bangumi/play/ss44756?theme=movie,9.8分,3.1万弹幕,704.6万,7045867,132202,30751
爱宠大机密,https://www.bilibili.com/bangumi/play/ss42743?theme=movie,9.6分,2.3万弹幕,3359.1万,33590502,252169,23188
华尔街之狼,https://www.bilibili.com/bangumi/play/ss44222?theme=movie,8.6分,3.4万弹幕,2175.8万,21758382,232827,33600
隔墙有眼,https://www.bilibili.com/bangumi/play/ss28125?theme=movie,,2740弹幕,1709.6万,17096210,95012,2740
心灵奇旅,https://www.bilibili.com/bangumi/play/ss46248?theme=movie,9.9分,2.1万弹幕,870.8万,8708028,247432,21212
指环王1：护戒使者,https://www.bilibili.com/bangumi/play/ss33033?theme=movie,9.8分,47.3万弹幕,3203.5万,32035244,888692,472504
新·奥特曼,https://www.bilibili.com/bangumi/play/ss43771?theme=movie,9.6分,12.5万弹幕,4850.4万,48504131,1103147,124822
哈利·波特与阿兹卡班的囚徒,https://www.bilibili.com/bangumi/play/ss28297?theme=movie,9.8分,83.2万弹幕,3384.4万,33844177,943709,832004
精灵旅社2,https://www.bilibili.com/bangumi/play/ss41333?theme=movie,9.6分,9295弹幕,3104.7万,31046507,92698,9295
泰坦尼克号,https://www.bilibili.com/bangumi/play/ss46244?theme=movie,9.9分,6.2万弹幕,533.5万,5334751,166956,62299
红海行动,https://www.bilibili.com/bangumi/play/ss33452?theme=movie,9.7分,13.1万弹幕,1295.8万,12958428,296589,130662
盗梦空间,https://www.bilibili.com/bangumi/play/ss28586?theme=movie,9.9分,8.3万弹幕,3359.4万,33594025,1232834,82711
金刚狼,https://www.bilibili.com/bangumi/play/ss46243?theme=movie,9.3分,1.1万弹幕,465.9万,4658559,36999,10804
你想活出怎样的人生,https://www.bilibili.com/bangumi/play/ss68613?theme=movie,9.0分,2.8万弹幕,1237.2万,12372236,475316,28024
傲慢与偏见,https://www.bilibili.com/bangumi/play/ss44762?theme=movie,9.8分,4.5万弹幕,763.3万,7632904,372237,45299
哈利·波特与混血王子,https://www.bilibili.com/bangumi/play/ss28300?theme=movie,9.6分,78.9万弹幕,2590万,25900052,1257184,788719
惊天魔盗团2,https://www.bilibili.com/bangumi/play/ss26926?theme=movie,9.2分,2.9万弹幕,3217.4万,32174246,475233,29109
天气之子,https://www.bilibili.com/bangumi/play/ss33343?theme=movie,9.6分,119.1万弹幕,7587.5万,75874842,4008844,1190884
沙丘,https://www.bilibili.com/bangumi/play/ss40396?theme=movie,8.2分,54.4万弹幕,4306.4万,43064480,647592,544458
蝙蝠侠：黑暗骑士,https://www.bilibili.com/bangumi/play/ss28280?theme=movie,9.7分,18.3万弹幕,3688.5万,36885107,880926,182528
中国乒乓之绝地反击,https://www.bilibili.com/bangumi/play/ss44499?theme=movie,9.0分,3.2万弹幕,3463.6万,34636158,98395,32318
屠魔战士,https://www.bilibili.com/bangumi/play/ss96601?theme=movie,,117弹幕,5.9万,59316,596,117
年会不能停！,https://www.bilibili.com/bangumi/play/ss45735?theme=movie,9.6分,10.6万弹幕,2658.9万,26588793,551652,106059
指环王3：王者归来,https://www.bilibili.com/bangumi/play/ss33035?theme=movie,9.9分,48.4万弹幕,1351.2万,13512008,422906,484384
航海王：红发歌姬,https://www.bilibili.com/bangumi/play/ss45003?theme=movie,8.5分,8.3万弹幕,6899.5万,68995243,369934,83259
铃芽之旅,https://www.bilibili.com/bangumi/play/ss45005?theme=movie,9.8分,13.1万弹幕,3234万,32339547,761429,130639
异世降临,https://www.bilibili.com/bangumi/play/ss95330?theme=movie,,1465弹幕,48.5万,484557,5004,1465
万万没想到,https://www.bilibili.com/bangumi/play/ss10006?theme=movie,8.2分,22.6万弹幕,4133.6万,41335861,299966,225541
教父,https://www.bilibili.com/bangumi/play/ss26416?theme=movie,9.9分,31.4万弹幕,4558.8万,45587632,1321631,314373
命运之夜——天之杯：恶兆之花,https://www.bilibili.com/bangumi/play/ss26703?theme=movie,9.6分,38万弹幕,4427.4万,44273596,1897014,380103
我的1919,https://www.bilibili.com/bangumi/play/ss38249?theme=movie,9.9分,4.9万弹幕,747.7万,7477414,254314,48933
垫底辣妹,https://www.bilibili.com/bangumi/play/ss44516?theme=movie,9.8分,6.7万弹幕,1007.7万,10076875,286280,67184
疯狂原始人2,https://www.bilibili.com/bangumi/play/ss37922?theme=movie,9.7分,8.6万弹幕,3786.3万,37863446,355030,85827
超能陆战队,https://www.bilibili.com/bangumi/play/ss46277?theme=movie,9.7分,1.6万弹幕,340.4万,3404406,108410,16276
疾速营救,https://www.bilibili.com/bangumi/play/ss96140?theme=movie,,395弹幕,8.7万,87107,1391,395
指环王2：双塔奇兵,https://www.bilibili.com/bangumi/play/ss33034?theme=movie,9.9分,33.4万弹幕,1266.3万,12663480,405016,333937
银河护卫队3,https://www.bilibili.com/bangumi/play/ss44678?theme=movie,9.5分,3.7万弹幕,940.6万,9405837,122909,37072
神偷奶爸,https://www.bilibili.com/bangumi/play/ss44858?theme=movie,9.8分,1.9万弹幕,1440.5万,14404842,169475,19315
名侦探柯南：万圣节的新娘,https://www.bilibili.com/bangumi/play/ss44141?theme=movie,8.9分,10.2万弹幕,3553.2万,35531878,6463031,101795
汪汪队立大功之超能救援 ,https://www.bilibili.com/bangumi/play/ss37952?theme=movie,8.0分,9893弹幕,2448.7万,24486841,50777,9893
暮光之城2：新月,https://www.bilibili.com/bangumi/play/ss46010?theme=movie,7.2分,3.7万弹幕,1225.4万,12253772,60506,36822
阿凡达：水之道,https://www.bilibili.com/bangumi/play/ss46619?theme=movie,9.0分,5.6万弹幕,1262.5万,12625193,159471,56195
白蛇2：青蛇劫起,https://www.bilibili.com/bangumi/play/ss39104?theme=movie,8.5分,27.3万弹幕,4507.6万,45076313,1619915,272603
精灵旅社4：变身大冒险 ,https://www.bilibili.com/bangumi/play/ss41742?theme=movie,7.0分,3.7万弹幕,8968万,89680267,246237,37272
将军号,https://www.bilibili.com/bangumi/play/ss26226?theme=movie,9.7分,5503弹幕,203.8万,2038349,36681,5503
新神榜：杨戬,https://www.bilibili.com/bangumi/play/ss43055?theme=movie,8.4分,24万弹幕,9774.2万,97742274,1018461,240053
